calleempre,Numero
2¬™ REPUBLICA ESPA√?OLA,2
3 DE ABRIL DE 1979,2
9 DE OCTUBRE,1
ABADIA SAN MARTIN,4
ABADIA SAN NICOLAS,3
ABASTOS,3
ABEN AL ABBAR,24
ACACIAS,4
ACEQUIA DE LA CADENA,5
ACEQUIA FABIANA,1
ACTOR ENRIQUE RAMBAL,4
ACTOR LLORENS,5
ACTOR MAURI,3
ACTOR MORA,4
ACTRIZ ENCARNA MA√?EZ,2
ACTRIZ PEPITA SERRADOR,1
ADOR,14
ADRESADORS,4
ADZANETA,2
AGUSTI ALAMAN I RODRIGO (MUSIC),3
AGUSTINA DE ARAGON,3
ALABAU,6
ALABAU Y ARCE,4
ALACREUS,1
ALAMEDA,50
"ALAMO, EL",4
ALBA,5
ALBACETE,27
ALBALAT DELS TARONGERS,12
ALBENTOSA,10
ALBERIQUE,17
ALBEROLA,1
ALBERTO LUZ,1
ALBOCACER,18
ALBORAYA,36
ALBUIXECH,2
ALCACER,22
ALCALA DE CHIVERT,2
ALCALDE ALBORS,11
ALCALDE CANO COLOMA,3
ALCALDE GISBERT RICO,11
ALCALDE REIG,9
ALCA√?IZ,20
ALCIRA,10
ALCOY,2
ALCUDIA,2
ALEGRET,1
ALEJANDRO VI,2
ALEJANDRO VOLTA,7
ALEMANY,8
ALFAHUIR,33
ALFAMBRA,1
ALFARA DEL PATRIARCA,10
ALFARRASI,5
ALFONSO DE CORDOBA,6
ALFONSO EL MAGNANIMO,12
ALFONSO PE√?A,4
ALFRED TORAN I OLMOS (ESCULTOR),2
ALFREDO CANDEL (RECTOR PARROQUIA SANTA ANNA),3
ALGAR DEL PALANCIA,4
"ALGUER, L'",4
"ALGUER, L?",18
ALICANTE,4
ALMACERA,4
ALMANSA,1
ALMAZORA,20
ALMENAR,3
ALMIRANTE CADARSO,13
ALMIRANTE CRUILLES,1
ALMISERAT,2
ALMOINES,2
ALMUDIN,6
ALPUENTE,1
ALQUERIA AZNAR,3
ALQUERIA BENLLOCH,1
ALQUERIA DE ALBA,1
ALQUERIA DE AZNAR,1
ALQUERIA DE GINER,6
"ALQUERIA DE LA COMTESA, L'",1
"ALQUERIA DE LA COMTESA, L?",5
ALQUERIA DE LA ESTRELLA,10
ALQUERIA DE RATA,1
"ALQUERIA DEL FORN DE LA SOLA, L?",1
ALQUERIA DEL SABONERS,1
ALQUERIAS,2
ALQUERIAS DE BELLVER,11
"ALT MAESTRAT, L?",1
"ALT PALANCIA, L?",3
ALTA,15
ALTA DEL MAR,6
ALTAMIRA,1
ALTAR SAN VICENTE,3
ALTER,1
ALVAREZ DE SOTOMAYOR,5
ALVARO DE BAZAN,11
ALZINES,2
AMADEO DE SABOYA,15
AMADEO DESFILIS,6
AMADEO ROCA (PINTOR),5
AMADIS DE GAULA,4
AMADOR MARTINEZ ROCHINA (POETA),2
AMERICA,5
AMICS DEL CORPUS,3
"AMISTAT, L'",1
"AMISTAT, L?",2
AMPARO BALLESTER,6
ANDILLA,5
ANGEL,3
ANGEL DEL ALCAZAR,11
ANGEL GUIMERA,14
ANGEL VILLENA,6
"ANGEL VILLENA,",1
ANGELES,9
ANOUERS,3
ANTELLA,2
ANTIGA SENDA SENENT,9
ANTIGUA SENDA SENENT,2
ANTONI REIG I VENTURA (ROVELLET),1
ANTONIO FERRANDIS (ACTOR),8
ANTONIO JUAN,9
ANTONIO PONZ,7
ANTONIO SACRAMENTO (ESCULTOR),17
ANTONIO SUAREZ,8
APARICIO ALBI√?ANA,11
APOSTOL SAN PEDRO,2
ARABISTA AMBROSIO HUICI,4
ARAGON,40
ARBOL,3
ARBOLES,2
ARCHENA,7
ARCHIDUQUE CARLOS,67
ARGENTERS,4
ARMADA ESPA√êOLA,2
ARNALDO DE VILANOVA,3
AROLAS,8
ARQUITECTO ALFARO,21
ARQUITECTO ALMENAR,1
ARQUITECTO ARNAU,10
ARQUITECTO CARBONELL,4
ARQUITECTO GILABERT,6
ARQUITECTO LUCINI,4
ARQUITECTO MORA,2
ARQUITECTO RIBES,3
ARQUITECTO RODRIGUEZ,19
ARQUITECTO SEGURA DE LAGO,4
ARQUITECTO SEGURA DEL LAGO,14
ARQUITECTO TOLSA,6
ARTE MAYOR DE LA SEDA,7
ARTES,10
ARTES GRAFICAS,21
ARTES Y OFICIOS,12
ARTURO BALLESTER,5
ARTURO PIERA,4
ARZOBISPO COMPANY,4
ARZOBISPO FABIAN Y FUERO,10
ARZOBISPO MAYORAL,8
ARZOBISPO MELO,3
ARZOBISPO OLAECHEA,23
ASTILLEROS,6
ASTURIAS,12
ATARAZANAS,1
AURORA,5
AUSIAS MARCH,62
AUTOPISTA DEL SALER,32
"AUTOR, L'",3
AVE MARIA,1
AVELLANAS,1
AYORA,13
AYUNTAMIENTO,29
AZAGADOR DE ALBORAYA,1
AZAGADOR DE LA TORRE,1
AZAGADOR DE LAS MONJAS,5
AZAGADOR DEL MORRO,6
AZCARRAGA,2
AZUCENA,1
"BACHILLER, EL",21
BADAJOZ,7
BAEZA,2
BAILEN,7
BAILIA,2
BAJA,3
BAJA DEL MAR,6
BALADRE,1
BALEARES,47
BALES,1
BALMES,11
BANY,2
BANY DELS PAVESOS,2
BARCAS,8
BARCELONA,3
BARCELONINA,6
BARCO,2
BARIG,3
BARON CARCER,10
BARON DE CARCER,24
BARON DE HERVES,1
BARON DE SAN PETRILLO,10
BARRACA,30
BARRAQUES DE LLACER,1
BEATA,2
BEATA INES,3
BEATO JUAN GRANDE,5
BEATO NICOLAS FACTOR,16
BECHI,4
BELCHITE,4
BELGICA,19
BELLO,5
BELLREGUARD,1
BELTRAN BAGENA,7
BELTRAN B√ÅGUENA,1
BENASAL,3
BENEFICENCIA,2
BENET BOSCH,3
BENETUSER,1
BENICADELL,4
BENICANDEL,1
BENICANDELL,1
BENICARLO,13
BENICASIM,1
BENIDOLEIG,2
BENIFAIRO DE LES VALLS,1
BENIFAIRO DE VALLDIGNA,1
BENIFARAIG A MONCADA,3
BENIFERRI,5
BENIMODO,3
BENIMUSLEM,3
BENIOPA,5
BENISODA,1
BENISUERA,2
BERENGUER DE MONTOLIU,5
BERENGUER MALLOL,3
BERNABE GARCIA,7
BERNAR FENOLLAR,1
BERNARDO PRIETO,2
BERNAT DESCOLL,11
BERNAT FENOLLAR,2
BERNAT Y BALDOVI,2
BERNIA,7
BETERA,1
BIAR,1
BILBAO,18
BIO PARK,1
BLANQUERIAS,13
BLASCO IBA√?EZ,122
BLASCO IBA√êEZ,13
BLOQUE PORTUARIOS,1
BOIX,6
BOLBAITE,2
BOLSERIA,6
BOMBERO RAMON DUART,8
BONAIRE,6
BONIFACIO FERRER,3
BORBOTO A MASARROCHOS,5
BORDADORES,3
"BORJA, LOS",1
BORRULL,11
BOTANICO CAVANILLES,1
BRASIL,23
BRETON HERREROS,4
BRONCHALES,1
BROSQUIL,2
BUEN ORDEN,15
BUEN RETIR,1
BUEN RETIRO,3
BUENA VENTURA PASCUAL,1
BUENOS AIRES,8
BURGOS,9
BURJASOT,84
BURRIANA,17
BUSOT,4
CABALLEROS,14
CABA√?AL,68
CABA√êAL,4
CABO JUBI,3
CABRESTANTE,3
CACAHUERS,1
CADIRERS,1
CADIZ,16
CALABAZAS,4
CALABUIG,3
CALAMOCHA,5
CALATRAVA,1
CALDERERS,6
CALIXTO III,19
CALLOSA D'EN SARRIA,1
CALLOSA D'ENSARRIA,4
CALVARIO,4
CALVO ACACIO,10
CAMARENA,3
CAMBRILS,3
CAMI DE GODELLA,10
CAMINOT,4
CAMP DE MORVEDRE,4
CAMP DEL TURIA,4
CAMPAMENTO,15
CAMPANA,1
CAMPANAR,42
CAMPANERS,10
CAMPILLO DE ALTOBUEY,14
CAMPOAMOR,25
CAMPOS CRESPO,17
CANAL,42
CANONIGO ALCOVER,5
CANONIGO TARREGA,3
CANOVAS DEL CASTILLO,7
CANTARRANAS,3
CARABELA,1
CARAVACA,6
CARCAGENTE,12
CARDA,3
CARDENAL BENLLOCH,38
CARLES,4
CARLOS CERVERA,6
CARLOS CORTINA,3
CARLOS DINNBIER,8
CARLOS MARX,8
CARLOS ROS,1
CARLOS RUANO LLOPIS (PINTOR),2
CARMELO RODA,4
CARMEN,2
CARMEN CRESPO,2
CARNICEROS,3
CAROLINA ALVAREZ,13
CARPESA A MONCADA,5
CARPINTEROS,3
CARRASQUET,1
"CARRASQUETA, LA",3
CARRER ROCAFORT,2
CARRETERA DEL POBLET,1
CARRICOLA,3
CARTAGENA,7
CARTEROS,38
CASA LA RASO,2
CASA MISERICORDIA,12
CASA MISERICORIDA,1
CASAL D'ESPLAI,3
CASAS DE BARCENA,22
CASAS MASENA,1
CASES,1
CASTAN TOBE√?AS,34
CASTELL DE POP,10
CASTELLON,10
CASTELLONET,5
CASTELLVINS,1
CASTIELFABIB,9
CASTILLO DE BENISANO,9
CASTILLO DE CORBERA,1
CASTILLO DE CULLERA,10
CATALANS,5
CATALU√?A,9
CAVANILLES,12
CAVITE,23
"CA√?ADA, LA",1
CA√?ONERO,1
CEDRO,3
CEMENTERIO,10
"CENTELLES, LOS",25
CERAMISTA,1
CERAMISTA BAYARRI,2
CERAMISTA JAUME DE SCALS,3
CERAMISTA MATEU,2
CERAMISTA ROS,11
CERANIS,2
CERDA Y RICO,2
CERVANTES,6
CHERA,4
CHILE,9
CHIVA,20
CHURAT Y SAURI,1
CID,51
"CIEGOS, LOS",1
CIENFUEGOS,2
CIRCUL DE BELLES ARTS,4
CIRILO AMOROS,33
CISCAR,19
CISNEROS,6
CIUDAD DE BOLONIA,2
CIUDAD DE CARLET,1
CIUDAD DE MELILLA,3
CIUDAD DE MISLATA,1
CIUDAD DE MULA,11
CIUDAD DEL APRENDIZ,8
CIUDAD ROS CASARES,1
CIUDADELA,14
CIUTAT DE MISLATA,5
CLARIANO,22
COCINAS,4
COETERS,10
COFRENTES,8
COLON,22
COLONIA ESPA√?OLA DE MEJICO,4
COLONIA ESPA√?OLA MEJICO,2
COMANDANTE FRANCO,3
COMEDIAS,7
COMPLEJO SOCIOPOLIS,2
COMPOSITOR VERT,1
COMPROMISO DE CASPE,2
COMUNION DE SAN ESTEBAN,2
CONCENTAINA,2
CONCHITA PIQUER,5
CONCORDIA,6
CONDE ALTEA,12
CONDE DE ALACUAS,2
CONDE DE ALMENARA,4
CONDE DE ALMODOVAR,4
CONDE DE ALTEA,3
CONDE DE LUMIARES,9
CONDE DE MELITO,5
CONDE DE MONTORNES,7
CONDE DE OLIVA,3
CONDE DE PESTAGUA,1
CONDE DE TORREFIEL,24
CONDE DE TRENOR,7
CONDE DEL REAL,1
CONDE SALVATIERRA,7
CONDE TRENOR,2
CONQUISTA,3
CONSERVA,4
CONSOLAT DE MAR,2
CONSTITUCION,77
CONSUELO,4
CONSULAT DEL MAR,1
CONVENTO CARMELITAS,8
CONVENTO DE JERUSALEN,1
CONVENTO JERUSALEN,6
CONVENTO SAN FRANCISCO,3
CONVENTO SANTA CLARA,18
COOPERATIVA SAN FERNANDO,3
CORA RAGA,5
CORAZON DE JESUS,1
CORBETA,5
CORDOBA,6
CORONA,10
CORONACION,3
CORONEL MONTESINOS,2
CORREGERIA,9
CORREJERIA,2
CORREOS,22
CORS DE LA MARE DE DEU,5
CORTES DE ARENOSO,5
"CORTS VALENCIANES, DE LES",31
COSCOLL,1
"COSSA, DE LA",4
COSTA Y BORRAS,4
"COSTERA, LA",4
COVARRUBIAS,4
CREUETA ALTA,1
CREVILLENTE,10
CRISOSTOMO MARTINEZ,8
CRISTO DEL GRAO,1
CRONISTA ALMELA Y VIVES,7
CRONISTA CARRERES,19
CRONISTA RIVELLES,2
CRUZ,4
CRUZ NUEVA,5
CTRA CV-500 (LOS PINARES),1
CTRA. VOLANTE,1
"CUARDIA CIVIL, LA",1
CUARTELL,2
CUBA,29
CUENCA,35
CUENCA TRAMOYERES,8
CULLERA,7
CURA AGUILAR,3
CURA FEMENIA,1
CURA PALANCA,5
Campoamor,1
Casas Barrington,1
DAMA DE ELCHE,7
DAMAS,1
DANIEL BALACIART,14
DANZAS,3
DAVITS,1
DE ALBA,6
DE BALES,4
DE LA CIUDADELA,1
DE LA LUZ,2
DE LA PECHINA,12
DE LAS GOLAS,11
DE LES VAQUES,1
DE LOS TRABAJADORES,4
DE LOS VIENTOS,1
DE PINEDO AL MAR,4
DEHESA,8
DEL CID,39
DEL JUSTICIA,2
DEL PALMAR,3
DEL PI,3
DEL POBLET,1
DEL POLLO,3
DEL RIU,29
DEL RIU (TALLAFOC DE LA DEVESA),3
DEL TREMOLAR,7
"DELFINES, LOS",8
DELS CABALLERS,3
DELS GREMIS,25
DELS PERAIRES,5
DENIA,8
DERECHOS,4
"DEVESA, DE LA",1
DIOGENES LOPEZ MECHO (METGE),5
DIPUTADA CLARA CAMPOAMOR,7
DIPUTAT LLUIS LUCIA,5
DOCTOR ALVARO LOPEZ,16
DOCTOR ANDRES PIQUER,1
DOCTOR BELTRAN BIGORRA,13
DOCTOR CALATAYUD BAYA,3
DOCTOR CARLOS CABALLE LANCRY,2
DOCTOR CHIARRI,5
DOCTOR COLLADO,1
DOCTOR DOMAGK,2
DOCTOR FERRAN,3
DOCTOR FLEMING,1
DOCTOR GARCIA BRUSTENGA,14
DOCTOR GARCIA DONATO,3
DOCTOR GIL Y MORTE,8
DOCTOR GOMEZ FERRER,6
DOCTOR J. J. DOMINE,2
DOCTOR J.J. DOMINE,12
DOCTOR JUAN REGLA,8
DOCTOR JULIAN CELMA,2
DOCTOR LANDETE,5
DOCTOR LLUCH,22
DOCTOR MACHI,2
DOCTOR MANUEL CANDELA,48
DOCTOR MARA√?ON,5
DOCTOR MARCO MERENCIANO,13
DOCTOR MARCOS SOPENA,4
DOCTOR MOLINER,4
DOCTOR MONTORO,2
DOCTOR NIC,2
DOCTOR NICASIO BENLLOCH,33
DOCTOR OLORIZ,16
DOCTOR PEREZ FELIU,7
DOCTOR PESET ALEIXANDRE,34
DOCTOR PESSET ALEIXANDRE,1
DOCTOR RAFAEL BARTUAL,8
DOCTOR RICARDO APARICI,1
DOCTOR RODRIGUEZ DE LA FUENTE,5
DOCTOR RODRIGUEZ FORNOS,7
DOCTOR ROMAGOSA,4
DOCTOR ROYO VILANOVA,5
DOCTOR RUIZ Y COMES,10
DOCTOR SANCHIS BERGON,8
DOCTOR SANCHIS SIVERA,16
DOCTOR SERRANO,5
DOCTOR SORIANO BENLLOCH,1
DOCTOR SUMSI,6
DOCTOR TOMAS SALA,20
DOCTOR TORRENS,2
DOCTOR VICENTE PALLARES,14
DOCTOR VICENTE ZARAGOZA,29
DOCTOR VILA BARBERA,2
DOCTOR VILLENA,2
DOCTOR WAKSMAN,38
DOCTOR ZAMENHOF,9
DOCTOR ZAMENOFF,7
DOLORES ALCAIDE,4
DOLORES MARQUES,7
DOMINGO GOMEZ,8
DON ARMANDO PALACIO VALDES,9
DON JOSE MELIA SINISTERRA,2
DON JUAN DE AUSTRIA,6
DON JUAN DE VILLARRASA,4
DON QUIJOTE DE LA MANCHA,4
"DON VICENTE GALLART ""ARCIPRESTE""",11
DON VICENTE GUILLOT (TIO BOLA),1
DOS DE ABRIL,5
DUQUE DE CALABRIA,2
DUQUE DE GAETA,14
DUQUE DE MANDAS,32
EBANISTA CASELLES,7
ECONOMISTA GAY,14
"ECUADOR, EL",20
EDITOR CABRERIZO,4
EDUARDO BOSCA,16
EDUARDO SOLER Y PEREZ,5
EL OLMO,3
EL PALLETER,11
EL PIVEROT,1
"ELIANA, LA",1
EMBAJADOR VICH,5
EMBARCADERO,1
EMILI PANACH I RAMOS (MILO),9
EMILIO BARO,57
EMILIO LLUCH,3
EMPERADOR,2
EN BLANCH,2
EN GALL,2
EN GIL,1
EN GORDO,1
EN GUILLEN FERRER,5
EN LLOP,11
EN PROYECTO,1
EN SALA,1
ENCARNACION,3
ENGUERA,13
ENRIQUE GASPAR,2
ENRIQUE GRANADOS,6
ENRIQUE NAVARRO,8
ENRIQUE TAULET (NOTARI I ACADEMIC),2
ENRIQUE VIEDMA VIDAL (ARQUITECTE),1
ENTD. ALQUERIA RATA,2
ENTD. BORBOTO,6
ENTRADA JARDIN,1
EOLO,3
EP AUSIAS MARCH 106,4
EP AUTOPISTA DEL SALER 16 (FRENTE),14
EP CMNO PUNTA AL MAR 73 (FRENTE),1
EP FUENTE DE SAN LUIS 5,1
EP GREMIS JT (F),3
EP GREMIS JT 4 (F),2
EP SECTOR CANAL A,5
EP SECTOR CANAL B,1
EP SECTOR CANAL C,2
EP SECTOR LA NUEVA FE A,1
EP SECTOR MORERAS A,3
EP SECTOR MORERAS B,3
EP SECTOR MORERAS D,2
EP SECTOR MORERAS E,1
EP SECTOR MORERAS G,7
EP SECTOR MORERAS H,3
EP.CEMENTERI 20,1
ERCILLA,1
ERMITA,4
ERNESTO ANASTASIO,15
ERNESTO FERRER,9
ERUDITO ORELLANA,10
ERUDITO PAGES,2
ESCALANTE,45
ESCOLANO,1
ESCOTILLA,3
ESCRITOR RAFAEL FERRERES,9
ESCRIVA,10
ESCUELAS DE MALILLA,3
ESCULTOR AIXA,2
ESCULTOR ALFONSO GABINO,5
ESCULTOR FEDERICO SIURANA,6
ESCULTOR FRECHINA,7
ESCULTOR GARCIA MAS,11
ESCULTOR JOSE CAPUZ,24
ESCULTOR PASTOR,2
ESCULTOR PIQUER,4
ESCULTOR RICART BOIX,6
ESCULTOR SALZILLO,7
ESCULTOR VICENTE RODILLA,4
ESCULTOR VICTOR HINO,1
ESCUTOR JOSE CAPUZ,1
ESPADAN,2
ESPARTERO,2
ESPARTO,3
ESPATERO,2
ESPA√?A,3
ESPERANZA,4
ESTACION,9
ESTEBAN BALLESTER,8
ESTEBAN DOLZ DEL CASTELLAR,3
ESTRELLA,4
ESTRIBOR,1
EUGENIA VI√?ES,3
EUGENIA VI√êES,19
EUROPA,3
EVARISTO BAS,2
EVARISTO CRESPO AZORIN,1
EXARCHS,1
EXPLORADOR ANDRES,21
Ecuador,1
FAVANELLA,1
FEDERICO A,1
FEDERICO ALCACER AGUILAR (DOCTOR EN MEDICINA,8
FEDERICO GARCIA LORCA,4
FELIP MARIA GARIN,3
FELIPE DE GAUNA,2
FELIPE RINALDI,10
FELIPE VALLS,20
FELIPE VIVES DE CA√êAMAS,2
FELIX PIZCUETA,1
"FERIAS, DE LAS",1
FERNANDO CASANOVA BENLLOCH,4
FERNANDO DICENTA DE VERA (ACADEMIC),3
FERNANDO EL CATOLICO,28
FERNANDO FERRANDO,1
FERNANDO MORAIS DE LA HORRA (METGE),2
FERRER Y BIGNE,7
FERRERS,4
FIDALGO,1
FIGUERETA,2
FILIPINAS,12
FINESTRAT,9
FINLANDIA,12
FLORA,4
FLORESTA,17
FLORISTA,2
"FOC, DEL",8
FOGAINERS,14
FONT DE BONET,2
FONT DE MASIA,1
FONT DEL BONET,2
FONTANARES,44
FONTILLES,7
FORN DEL BARRI,1
FORTALENY,5
FORTUNA,1
FRAGATA,1
FRAILE,2
FRANCES,1
FRANCIA,61
FRANCISCO BALDOMA,5
FRANCISCO BARRACHINA ESTEBAN,2
FRANCISCO CLIMENT,3
FRANCISCO CUBELLS,12
FRANCISCO DE BELLVIS,9
FRANCISCO DE LLANO,3
FRANCISCO DOLZ,2
FRANCISCO EXIMENIS,8
FRANCISCO FALCONS,2
FRANCISCO MARTINEZ,6
FRANCISCO MORENO USEDO,14
FRANCISCO MOROTE GREUS,7
FRANCO TORMO,7
FRAY FRANCISCO CABEZAS,1
FRAY J. RODRIGUEZ,1
FRAY JUAN MONZO,3
FRAY JUNIPERO SERRA,18
FRAY LUIS COLOMER,8
FRAY PEDRO PONCE DE LEON,9
FRAY PEDRO VIVES,10
FRESAS,1
FRIGOLA,3
FUENCALIENTE,7
FUENTE DE SAN AGUSTIN,1
FUENTE DE SAN LUIS,32
FUENTE EN CORTS,18
FUENTE ENCARROZ,1
FUENTE LA HIGUERA,2
FUEROS,5
FUSTERS,3
GABRIEL Y GALAN,4
GANDIA,2
GARBI,9
GARCES,4
GARRIGUES,9
GARZA IMPERIAL,1
GASCO OLIAG,7
GASCONS,1
GASPAR AGUILAR,58
GAUDENCIA TORRES,2
GAVIOTAS,83
GAYANO LLUCH,8
GENERAL  AVILES,1
GENERAL ALMIRANTE,2
GENERAL AVILES,38
GENERAL BARROSO,23
GENERAL BASSET,1
GENERAL ELIO,5
GENERAL GIL DOLZ,1
GENERAL IBA√?EZ ALONSO,1
GENERAL LLORENS,19
GENERAL SAN MARTIN,1
GENERAL SANMARTIN,6
GENERAL URRUTIA,42
GERMANIAS,7
GIBRALTAR,1
GIL ROGER,3
GIMENEZ Y COSTA,3
GIORGETA,22
GLORIA,2
GOBERNADOR VIEJO,16
GODELLA,1
GODOFREDO ROS,2
GOLA DE PUCHOL,3
GOLA DEL PUCHOL,15
GOLA PUCHOL,28
GOLETA,2
GONZALEZ MARTI,1
GONZALO RAMIRO PEDRER,5
GORGOS,17
GOYA,2
GRABADOR ESTEVE,8
GRABADOR FABREGAT,4
GRABADOR JORDAN,14
GRABADOR MONFORT,1
GRAN CANARIA,24
GRANADA,8
"GRECO, EL",2
GREGORIO GEA,6
GREGORIO MAYANS,3
"GREMIS, DELS",9
"GREMITS, DELS",4
GRESES,2
GRUP. MASSARROJOS (URBANIZACION),25
GRUPO URBANISMO,2
GUADALAVIAR,5
GUADALQUIVIR,5
GUADASSUAR,2
GUADIANA,2
"GUARDIA CIVIL, LA",11
GUILLEM DE ANGLESOLA,8
GUILLEM DE CASTRO,45
GUILLEM DESPUIG,10
GUILLEN DE CASTRO,14
GUILLEN ESCRIVA,2
GUILLEN SOROLLA,9
GUITARRISTA TARREGA,3
GUTEMBERG,2
HABANA,6
HELLIN,5
HERMANOS BECQUER,1
HERMANOS FABRILO,2
HERMANOS MACHADO,7
HERMANOS MARISTAS,17
HERMANOS RIBAS,2
HERMANOS RIVAS,3
HERMANOS VILLALONGA,8
HERNANDEZ  LAZARO,1
HERNANDEZ LAZARO,9
HEROE ROMEU,10
HIERBA,2
HIERROS,4
HIPOLITO MARTINEZ,2
HIPOLITO ROVIRA,3
HISTORIADOR BETI,3
HISTORIADOR CLAUDIO SANCHEZ ALBORNOZ,2
HISTORIADOR DIAGO,8
HISTORIADORA SYLVIA ROMEU,2
HOLANDA,3
HOMBRES DEL MAR,1
HONDURAS,19
HONORATO JUAN,8
HORNO ALCEDO,1
HORNO DE ALCEDO,1
HORNO DE SAN NICOLAS,10
HORNO DEL CABA√êAL,5
HORT DEL FARINER,6
"HORTA NORD, L'",1
"HORTA NORD, L?",1
HORTICULTOR BOSCH,7
HORTICULTOR CORSET,5
HORTICULTOR GALAN,2
HOSPITAL,17
HOSTALERS,3
HUERTO DE SAN VALERO,1
HUESCA,3
HUGO DE MONCADA,3
HUMANISTA FADRIQUE FURIO,4
HUMANISTA FURIO,9
HUMANISTA MARINER,14
IBIZA,10
IFACH,4
IGLESIA,1
IGLESIA DE LOS ANGELES,1
IGNACIO ZULOAGA,6
II REPUBLICA ESPA√?OLA,2
IMAGINERO BUSSI,1
IMPRESOR LAMBERT PALMART,6
IMPRESOR MONFORT,7
INDUSTRIA,16
INGENIERO DICENTA,1
INGENIERO FAUSTO ELIO,11
INGENIERO JOSE SIRERA,17
INGENIERO MANUEL MAESE,3
INGENIERO VICENTE PICHO,3
INSTITUTO OBRERO DE VALENCIA,23
ISAAC PERAL,10
ISABEL DE VILLENA,25
ISABEL LA CATOLICA,10
ISIDRO BALLESTER,2
"ISIDROS, LOS",1
ISLA CABRERA,25
ISLA DE HIERRO,11
ISLA FORMENTERA,5
ISLAS CANARIAS,44
"ISMAEL BLAT ""PINTOR""",3
JACA,8
JACINTO BENAVENTE,17
JACINTO LABAILA,9
JACOMART,12
JAIME BELTRAN,9
JAIME ESTEVE CUBELLS,5
JAIME II,2
JAIME ROIG,17
JAIME VILLANUEVA,2
JARACO,2
JATIVA,14
JERONIMO DE MONSORIU,18
JERONIMO MU√?OZ,27
JESUS,38
JESUS MORANTE BORRAS,20
JESUSET DE L'HORT,11
JOAN BAPTISTE MU√?OZ,4
JOAN SORIANO I ESTEVE (EL POETA DEL CABANYAL,1
JOAQUIN BALLESTER,17
JOAQUIN BENLLOCH,35
JOAQUIN COSTA,18
JOAQUIN DUALDE,4
JOAQUIN MARIN,5
JOAQUIN NAVARRO,10
JOAQUIN RODRIGO VIDRE,5
JOFRENS,4
JORGE COMIN (METGE PEDIATRE),10
JORGE JUAN,9
JOSE AGUILAR,20
JOSE AGUIRRE,14
JOSE ALMINYANA,1
JOSE ANDREU ALABARTA,20
JOSE ANTONIO,3
JOSE BALLESTER,8
JOSE BARBERA FALCO,2
JOSE BEA IZQUIERDO,1
JOSE BENLLIURE,30
JOSE CHABAS BORDEHORE (DOCTOR),5
JOSE ESTEVE,6
JOSE GROLL,2
JOSE GROLLO,19
JOSE M GIMENEZ FAYOS(HISTORIADOR I PUBLIC),1
JOSE MAESTRE,9
JOSE MARIA BAYARRI,9
JOSE MARIA FUSTER,2
JOSE MARIA HARO (MAGISTRAT),36
JOSE MARIA MORTES LERMA,25
JOSE M¬™ GIMENEZ FAYOS,5
JOSE PASTOR MORENO,3
JOSE PEREZ-FUSTER (METGE),1
JOSE SIURANA,2
JOSE SOTO MICO,13
JOSE ZARAGOZA,3
JOSEP ALMINYANA I VALLES,4
JOSEP ALMINYANA I VALLES (SACERDOT),1
JOSEP BEA I IZQUIERDO,4
JOSEP MELIA I CASTELLO (POETA),1
JOSEP SOLER CARNICER (ESCRIPTOR),2
JUAN AGUILAR,1
JUAN AGUILO,1
JUAN BAUTISTA CORACHAN,1
JUAN BAUTISTA LLOVERA,4
JUAN BAUTISTA MARCO,2
JUAN BAUTISTA PASTOR,5
JUAN BAUTISTA VIVES,1
JUAN CASTELLO,2
JUAN DE AGUILO,2
JUAN DE CELAYA,4
JUAN DE GARAY,11
JUAN DE JOANES,2
JUAN DE MENA,1
JUAN DE RIBERA BERENGUER (PINTOR),3
JUAN ESTELLES,1
JUAN FABREGAT,2
JUAN J. GARCIA GOLLANES,4
JUAN JOSE SISTER,4
JUAN LLORENS,27
JUAN MARTORELL,6
JUAN MERCADER,10
JUAN PERPI√?A,3
JUAN RAMON JIMENEZ,38
JUAN VERDEGUER,18
JUAN XXIII,36
JULIAN PE√?A,5
JULIO ROMERO MOCHOLI,3
JUMILLA,9
JURISTAS,7
JUSTO VILAR,17
LANDERER,2
LANZAROTE,2
LAS MORERAS,1
LAVADERO,1
LEANDRO DE SARALEGUI,3
LEBON,7
LEGION ESPA√?OLA,8
LEONES,23
LEONOR JOVANI,5
LEPANTO,12
LERIDA,16
LEVANTE,5
LEVANTE U.D.,3
"LE√?A, LA",2
LIBREROS,1
LINARES,12
LINTERNA,2
LIRIA,3
LIRIO,1
LITERATO AZORIN,13
LITERATO GABRIEL MIRO,16
LITOGRAFO PASCUAL ABAD,14
LITOGRAFO PASCUAL Y ABAD,6
LLADRO Y MALLI,12
LLANERA DE RANES,13
LLANO DE LA ZAIDIA,6
"LLANTERNERS, DELS",4
LLEBEIG,3
LLIRI BLAU (DEVESA),1
LLOBARRO,1
LLOMBAY,6
LLORA,2
LLORERS,1
LLOSA DE RANES,2
LOPE DE RUEDA,1
LOPE DE VEGA,2
LORCA,12
LORENZO SAIZ,1
LORIGUILLA,5
LUCENA DEL CID,1
LUCIO DEL VALLE,6
LUCRECIA BORI,3
LUG. POLITECNICO,3
LUIS ARCAS (PINTOR),4
LUIS BOLINCHES COMPA√? (ESCULTOR),5
LUIS BRAILLE,1
LUIS BU√?UEL (DIRECTOR DE CINE),3
LUIS CANO,2
LUIS CRUMIERE,5
LUIS DESPUIG,7
LUIS GARCIA-BERLANGA MARTI (DIRECTOR CINEMA),9
LUIS LAMARCA,12
LUIS MARTI ALEGRE,3
LUIS MERELO Y MAS (ENGINYER INDUSTRIAL),4
LUIS MILAN,3
LUIS OLIAG,25
LUIS PEIXO,8
LUIS SANTANGEL,11
LUIS VIVES,6
LUZ CASANOVA,11
L¬¥HORTA NORD,2
MADERAS,17
MADRE JUANA M.CONDESA LLUCH,2
"MAESTRES, LOS",6
MAESTRO AGUILAR,9
MAESTRO ALBERTO LUZ,5
MAESTRO ASENSI,5
MAESTRO BELLVER,9
MAESTRO CLAVE,4
MAESTRO CRISTOBAL LEON,2
MAESTRO ESTEBAN CATALA,4
MAESTRO GOZALBO,11
MAESTRO GUERRERO,4
MAESTRO MI,1
MAESTRO MIGUEL GALAN,2
MAESTRO PALAU,8
MAESTRO RODRIGO (MUSICO),39
MAESTRO SOSA,20
MAESTRO VALLS,25
MAHUELLA,3
MAJOR,1
MALAGA,14
MALDONADO,6
MALILLA,46
MALLORQUINS,1
MALUQUER,7
MALVARROSA,39
MANISES,2
MANOLO TABERNER,8
MANUEL ANDRES,5
MANUEL CANDELA,1
MANUEL CARBONERES,1
MANUEL DE FALLA,17
MANUEL IRANZO,2
MANUEL MELIA I FUSTER,1
MANUEL SANCHIS GUARNER,5
MANUEL SIMO,4
MANUEL SOTO (INGENIERO),1
MANUELA ESTELLES,10
MAR,15
MARCELINO GINER,5
MARCHALENES,1
MARCONI,9
MARE DE DEU MONTIEL,2
MARE PETRA (RELIGIOSA),1
MARE VELLA,3
MARGARITA VALLDAURA,4
MARIA CARBONELL (MESTRA),1
MARIA CRISTINA,5
MARIA DE MOLINA,7
MARIA JORDAN,6
MARIANO BENLLIURE,2
MARIANO BRULL,2
MARIANO CUBER,11
MARIANO DE CAVIA,14
MARIANO RIBERA,2
"MARINA ALTA, LA",10
"MARINA BAIXA, LA",9
"MARINA, LA",4
MARINES,2
MARINO ALBESA,10
MARINO BLAS DE LEZO,12
MARINO SIRERA,6
MARQUES DE BELLET,7
MARQUES DE CAMPO,3
MARQUES DE CARO,7
MARQUES DE DOS AGUAS,8
MARQUES DE ELCHE,3
MARQUES DE GUADALEST,3
MARQUES DE LACONI,2
MARQUES DE LOZOYA,1
MARQUES DE MONTORTAL,18
MARQUES DE SAN JUAN,15
MARQUES DE SOTELO,15
MARQUES DE ZENETE,8
MARQUES DEL TURIA,25
MARTI,1
MARTI GRAJALES,5
MARTIN  MENGOD,4
MARTIN EL HUMANO,13
MARTINET,1
MARTINEZ ALOY,6
MARTINEZ BAGUENA (COMPOSITOR),1
MARTINEZ CUBELLS,11
MARVA,8
MASALFASAR,1
MASCARAT,1
MASQUEFA,14
MASSALFASSAR,2
MASSAMAGRELL,1
MATEHU Y SANZ,2
MATEMATICO MARZAL,7
MATHEU Y SANZ,4
MATIAS PERELLO,24
MAURO GUILLEN,2
MAXIMILIANO THOUS,22
MAYOR,4
MAYOR DE NAZARET,13
MEDICO ESTEVE,2
MEDICO VICENTE TORRENT,3
MEDITERRANEO,12
MELIANA,4
MENDEZ NU√?EZ,1
MENDEZ NU√êEZ,13
MENDIZABAL,13
MENENDEZ PIDAL,6
MENENDEZ Y PELAYO,28
MENORCA,6
MERCADO,8
MESANA,8
MESTRE MARCAL,1
MESTRE RACIONAL,11
MESTRE VICENT BALLESTER FANDOS,1
MICER MASCO,25
MICER RABASA,2
MIGUEL GALAN,3
MIGUEL PAREDES,8
MIGUEL SERVET,7
MILAGRO,1
MILAGROSA,5
MILLARES,4
MINISTRO LUIS MAYANS,16
MIRASOL,4
MISTRAL,15
MI√?ANA,2
MOLINA,2
MOLINA DE SEGURA,2
MOLINA DEL PALAU,4
MOLINA DEL SEGURA,1
MOLINELL,20
MOLINO DE LA FONTETA,5
MOLINO DE LA MARQUESA,1
MOLINO DE LAS FUENTES,10
MONCADA,60
MONESTIR DE POBLET,16
MONESTIR DEL POBLET,3
MONFORTE,3
MONJAS DE SANTA CATALINA,10
MONTAN,2
MONTANEJOS,1
MONTA√?ARES,29
MONTDUVER,2
MONTE CARMELO,11
MONTESA,7
MONTICHELVO,2
MORAIRA,1
MORATIN,4
MORERAL,4
MORERAS,9
MORET,5
MORO ZEIT,2
MOSEN CUENCA,4
MOSEN JORDI,3
MOSSEN AGUILAR,3
MOSSEN CUENCA,3
MOSSEN FEBRER,7
MOSSEN FEMADES,9
MOSSEN FENOLLAR,3
MOSSEN RAUSELL,2
MOSSEN SORELL,5
MOTILLA DEL PALANCAR,9
MUNICIPI DE LA RODA,3
MURCIA,3
MURILLO,15
MURLA,4
MURO DE SANTA ANA,3
MURTA,4
MUSEO,1
MUSICO AYLLON,14
MUSICO BARBIERI,4
MUSICO CABANILLES,3
MUSICO CHAPI,14
MUSICO CUESTA,2
MUSICO ESPI,4
MUSICO FA,1
MUSICO FAYOS,3
MUSICO GINES,19
MUSICO GOMIS,5
MUSICO HIPOLITO MARTINEZ,3
MUSICO JOSE ITURBI,2
MUSICO PADILLA,8
MUSICO PENELLA,2
MUSICO PEYDRO,2
MU√?IZ Y H. DE ALBA,8
MU√?OZ SECA,6
Molino de las Fuentes,1
NA JORDANA,5
NAPOLES Y SICILIA,8
"NARANJOS, LOS",46
NATURALISTA AREVALO BACA,3
NATURALISTA RAFAEL CISTERNAS,5
NAVARRA,3
NAVARRES,1
NAVARRO CABANES,7
NAVARRO REVERTER,11
NAVARROS,1
NAVE,5
NAVELLOS,3
NAVIO,1
NAZARET-OLIVA (AVDA. PINARES),3
NEGRITO,2
NEPTUNO,38
NICASIO BENLLOCH,3
NICOLAS ESTEVANEZ,2
NICOLAU DE MONSORIU,1
NICOLAU PRIMITIU GOMEZ SERRANO,11
NINO BRAVO (CANTANT),5
"NINOT, DEL",7
NI√?OS DE SAN VICENTE,8
NOGUERA,2
NORTE,10
NUESTRA SE√?ORA DE GRACIA,1
NUEVA TABARCA,1
NUEVE DE OCTUBRE,2
NUEVO DE PATERNA,2
NUEVO DE PICA√?A,4
NUMANCIA,2
OBISPO AMIGO,5
OBISPO JAIME PEREZ,14
OBISPO SOLER,3
OLIVERETA,6
OLIVO,3
OLTA,36
OMET,5
ONTENIENTE,5
ONTINYENT,1
ORGANISTA PLASENCIA,4
ORIENTE,6
ORIHUELA,6
OSCAR ESPLA (MUSICO),5
OVIDI MONTLLOR I MENGUAL (ACTOR I CANTANT),1
PACO PIERRA,5
PADILLA,2
PADRE ALEGRE,2
PADRE ANTON MARTIN,7
PADRE BARRANCO,12
PADRE ESTEBAN PERNET,15
"PADRE FERNANDO CASANOVA BENLLOCH, S.J.",2
PADRE FERRIS,15
PADRE HUERFANOS,6
PADRE JOFRE,5
PADRE LUIS NAVARRO,16
PADRE MUEDRA,3
PADRE PORTA,9
PADRE SIMO,10
PADRE TEIXIDOR,2
PADRE TENA,1
PADRE TOMAS MONTA√?ANA,13
PADRE URBANO,9
PADRE VICENT,2
PADRE VI√?AS,31
PALACIO DE JUSTICIA,2
PALAFOX,1
PALANCIA,7
PALAU,1
PALAU DE LA MUSICA,2
PALLETER,11
PALMAR,2
PALMARET,2
PALMERA,1
PARE CIPRIA,1
PARE GASPAR FRANCES,1
"PAROT, EL",5
PARQUE NAZARET,8
PARRA,10
PARROCO COBOS,2
PARROCO MIGUEL TARIN,2
PARROCO MU√?OZ,1
PARTIDA CHIRIVILLETA,6
PASCUAL Y GENIS,16
PASEO MARITIMO,7
PATERNA,13
PATIDA DE DALT,1
PATRAIX,6
"PATRONA, LA",2
PAVIA,34
PAZ,12
PEA√?A,4
PECHINA,9
PEDAGOGO PESTALOZZI,6
PEDRAPIQUERS,8
"PEDRAPIQUERS, DELS",1
PEDREGUER,5
PEDRO ALEIXANDRE,29
PEDRO CABANES,25
PEDRO DE VALENCIA,27
PEDRO DUQUE,11
PEDRO II EL CEREMONIOSO,1
PEDRO III EL GRANDE,12
PEDRO LUNA,1
PEDRO MAZA,1
PEDRO PATRICIO MEY,5
PEDROS,1
PEGO,1
PELAYO,20
PENYETES,3
"PENYETES, LES",3
PEPE ALBA,1
PEPE EL GAMBO,1
PEPITA,4
PERDIZ,1
PERE DELMONTE I HURTADO (POETA),3
PERE II EL CERIMONIOS,4
PEREZ BAYER,5
PEREZ GALDOS,50
PEREZ PUJOL,6
PERFECTO,1
PERIODISTA,3
PERIODISTA ALFREDO CALDERON,3
PERIODISTA BADIA,5
PERIODISTA GIL SUMBIELA,23
PERIODISTA LLORENTE,6
PERIODISTA MATOSES,2
PERIODISTA ROS BELDA,4
PERIS BRELL,20
PERIS Y VALERO,87
"PERRINA, LA",1
PESCADORES,2
PESO DE LA HARINA,2
PE√?ISCOLA,5
PI BLANCH,7
PIANISTA AMPARO ITURBI,24
PIANISTA MARTINEZ CARRASCO,3
PICADERO DE DOS AGUAS,8
PICAYO,6
PICA√?A,9
PICHERA,2
PICO CAROCHE,1
PIE DE LA CRUZ,5
PINARES,17
PINARES (DEVESA ALBUFERA),1
"PINARES, LOS",25
"PINAZO, LOS",1
PINEDO AL MAR,2
"PINOS, LOS",4
PINTOR AGRASOT,1
PINTOR BENEDITO,6
PINTOR CORTINA,1
PINTOR DALMAU,3
PINTOR DOMINGO,9
PINTOR ENRIC GINESTA,2
PINTOR FERRANDIS,7
PINTOR FERRER CALATAYUD,17
PINTOR FILLOL,1
PINTOR GASSENT,12
PINTOR GENARO LAHUERTA,11
PINTOR GISBERT,4
PINTOR JOAN MIRO,6
PINTOR JOVER,2
PINTOR LOPEZ,5
PINTOR MAELLA,21
PINTOR MANOLO GIL,5
PINTOR MARTI GIRBES,4
PINTOR MAT,1
PINTOR MATARANA,13
PINTOR MONLEON,5
PINTOR NAVARRO LLORENS,5
PINTOR PARRA,3
PINTOR PASCUAL CAPUZ,7
PINTOR PEIRO,5
PINTOR RAFAEL MOCHOLI,4
PINTOR RAFAEL SOLBES,8
PINTOR SABATER,2
PINTOR SALVADOR ABRIL,15
PINTOR SEGRELLES,8
PINTOR SOROLLA,2
PINTOR STOLZ,20
PINTOR VILAR,12
PINTOR ZARI√?ENA,13
PINZON,9
PIO BAROJA (ESCRIPTOR),14
PIO IX,14
PIO XI,15
PIO XII,25
PIZARRO,4
"PLANA BAIXA, LA",1
PLANAS,5
PLATA,69
PLATANOS,7
PLATERO SUAREZ,10
PLUS ULTRA,4
POBLA DE FARNALS,40
POBLA DEL DUC,6
POBLA LLARGA,2
POBLE,2
POETA AL RUSSAFI,1
POETA ALBEROLA,6
POETA ALRUSSAFI,2
POETA ANDRES CABRELLES,7
POETA ANTONINO CHOCOMELI,6
POETA ARTOLA,9
POETA ASINS,3
POETA BADENES,2
POETA BODRIA,6
POETA DURAN Y TORTAJADA,1
POETA EDUARDO BUIL,1
POETA FEDERICO GARCIA LORCA,9
POETA FERNANDEZ HEREDIA,1
POETA IRANZO SIMON,1
POETA JOSEP CERVERA I GRIFOL,1
POETA LIERN,2
POETA MARAGALL,2
POETA MAS Y ROS,47
POETA MIGUEL HERNANDEZ,2
POETA MONMENEU,2
POETA QUINTANA,18
POETA RAFAEL ALBERTI,1
POETA RICARD SANMARTI,5
POETA SALVADOR RUEDA,8
POETA SERR,3
POETA SERRANO CLAVERO,14
POETA VICENTE GAOS,5
POETAS ANONIMOS,6
POETISA LEONOR PERALES,5
POLICIA LOCAL,6
POLINAR DE XUQUER,1
POLO DE BERNABE,1
POLO Y BERNABE,1
POLO Y PEYROLON,14
PORCHETS,1
PORTA COELI,7
PORTA DE LA MAR,6
PORTA LA MAR,1
PORTAL NUEVO,1
PORTUGAL,19
PORVENIR,5
POU DE APARISI,5
POUET DE SANT VICENT,4
POUET PEDRERETA,1
PREVISORA,1
PRIMADO REIG,56
PRIMERO DE MAYO,49
PRINCIPAL,9
PROFESOR ANGEL LA CALLE,4
PROFESOR ANGEL LACALLE,8
PROFESOR BELTRAN BAGUENA,10
PROFESOR BLANCO,9
PROFESOR DOCTOR SEVERO OCHOA,14
PROFESOR TIERNO GALVAN,1
PROFESOR VICENTE LLORENS CASTILLO,1
PROFESSOR ERNEST LLUCH,3
PROFESSOR FRANCISCO TOMAS I VALIENTE,1
PROGRESO,17
PRUDENCI ALCON I MATEU,1
PUEBLA DE VALVERDE,5
PUEBLA LARGA,3
PUENTE DE ASTILLEROS,3
PUERTO,75
PUERTO RICO,6
PUIGCAMPANA,2
"PUNTA AL MAR, LA",6
PURISIMA,8
PZA MERCADO,2
PZA. JESUS,1
QUART,43
QUART DE LES VALLS,3
QUEVEDO,2
RACO DE L?ANELL,2
RAFAEL ALBERTI (POETA),7
RAFAEL ALBI√êANA,2
RAFAEL CORT,4
RAFAEL LAPESA MELGAR (GRAMATIC I LING_ISTA),1
"RAFAEL LAPESA MELGAR, GRAMATIC I LING√?ISTA",10
RAFAEL TENES ESCRICH,11
"RAMBLA DE EL SALER, LA",1
RAMBLA DE SALER,1
RAMBLA DEL SALER,2
RAMIRO DE MAEZTU,9
RAMON ASENSIO,6
RAMON DE CASTRO,1
RAMON DE PERELLOS,2
RAMON GORDILLO,4
RAMON LLULL,19
RAMON PORTA CARRASCO,1
RAMON Y CAJAL,20
RAQUEL PAYA (PEDAGOGA),1
RASCA√?A,9
REAL ACADEMIA DE CULTURA VALENCIANA,1
REAL DE GANDIA,4
REAL DE MADRID,18
REBOLLAR,1
RECAREDO,10
RECTOR ZARAGOZA,1
REDOLINS,3
REGINO MAS,5
REGNE DE VALENCIA,59
REIG GENOVES,13
REINA,65
REINA DO√?A GERMANA,11
REINA DO√?A MARIA,6
REINA VIOLANTE,15
REMONTA,2
REPUBLICA ARGENTINA,5
REPUBLICA DE GUINEA ECUATORIAL,6
REQUENA,2
RETOR,4
REUS,12
REVERENDO JOSE MARIA PINAZO,9
REVERENDO JOSE NOGUERA,10
REVERENDO JOSE VALERO,7
REVERENDO RAFAEL TRAMOYERES,1
REY DON JAIME,4
REY JENOVES,1
REY SAUD,3
REYES PROSPER,1
RIBALTA,1
RIBAS,3
RIBERA,30
"RIBERA BAIXA, LA",2
RICARDO MICO,15
RICO,2
RINCON DE ADEMUZ,12
RIO,14
RIO BIDASOA,7
RIO CABRIEL,1
RIO DUERO,1
RIO ERESMA,2
RIO ESCALONA,20
RIO JALON,2
RIO JILOCA,1
RIO NERVION,8
RIO ODIEL,1
RIO PISUERGA,5
RIO SECO,2
RIO SEGURA,5
RIO TAJO,9
RIO TER,2
RIO TINTO,1
RIPALDA,2
RIU,8
ROCA,2
ROCHS,4
RODRIGO BOTET,8
RODRIGO DE OSONA,3
RODRIGO DE PERTEGAS,26
RODRIGUEZ DE CEPEDA,23
ROGER DE FLOR,4
ROGER DE LAURIA,17
ROIG DE CORELLA,6
ROJAS CLEMENTE,4
ROMA,7
ROMEU DE CORBERA,2
ROMUALDO,2
RONDA DE NAZARET,6
"ROSA DELS VENTS, LA",5
ROSALES,6
ROSARIO,3
ROTEROS,13
ROTGLA,2
ROURE VALENCI√?,3
RUAYA,18
RUBEN DARIO,17
RUBEN VELA,10
RUGAT,1
RUIZ DE LIHORY,5
RUSSAFA,15
RUZAFA,8
"SAFOR, DE LA",16
SAGASTA,3
SAGUNTO,39
SAINETERO ARNICHES,5
SALABERT,1
SALAMANCA,24
SALAS QUIROGA,9
SALAVERT,7
SALER,1
SALESIANO,1
"SALESIANOS, LOS",3
SALINAS,4
SALVA,1
SALVADOR,4
SALVADOR ALLENDE,2
SALVADOR ALMENAR,1
SALVADOR CERVERO,5
SALVADOR FERRANDIS LUNA,18
SALVADOR GINER,10
SALVADOR LLUCH,10
SALVADOR PAU,2
SALVADOR PERLES,12
SALVADOR RODRIGUEZ BRUNCHU,6
SALVADOR RUBIO,4
SALVADOR SALOM,4
SALVADOR SASTRE,4
SALVATORRE CORRADO MISSERI,8
SAMANIEGO,7
SAMUEL ROS,26
SAN AGUSTIN,16
SAN ANTONIO,3
SAN BENITO,1
SAN BRUNO,4
SAN CLEMENTE,2
SAN COLUMBANO,6
SAN DIONISIO,13
SAN ERNESTO,1
SAN ESTEBAN,1
SAN FELIPE NERI,1
SAN FERNANDO,3
SAN FRANCISCO DE ASIS,1
SAN FRANCISCO DE BORJA,6
SAN FRANCISCO DE PAULA,3
SAN IGNACIO DE LOYOLA,16
SAN ISIDRO,7
SAN JACINTO,7
SAN JACINTO CASTA√êEDA,7
SAN JAIME,1
SAN JOSE ARTESANO,12
SAN JOSE DE CALASANZ,13
SAN JOSE DE LA MONTA√?A,12
SAN JOSE DE LA VEGA,1
SAN JOSE DE PIGNATELLI,7
SAN JUAN BOSCO,23
SAN JUAN DE DIOS,18
SAN JUAN DE LA PE√?A,1
SAN JUAN DE RIBERA,4
SAN LAZARO,4
SAN MARCELINO,23
SAN MARTIN DE PORRES,5
SAN MIGUEL,5
SAN PABLO,5
SAN PANCRACIO,8
SAN PEDRO,7
SAN PEDRO PASCUAL,4
SAN PIO V,1
SAN PIO X,10
SAN RAFAEL,14
SAN SALVADOR,1
SAN VALERO,1
SAN VICENTE,39
SAN VICENTE DE PAUL,17
SAN VICENTE MARTIR,66
SANCHEZ ARJONA,2
SANCHIS BERGON,1
SANGRE,3
SANT BULT,2
SANT ESPERIT,7
SANTA BARBARA,4
SANTA CATALINA,3
SANTA CRUZ DE LA ZARZA,3
SANTA CRUZ DE TENERIFE,17
SANTA CRUZ TENERIFE,1
SANTA GENOVEVA TORRES,18
SANTA IRENE,2
SANTA MARGARITA,3
SANTA MARIA MICAELA,9
"SANTA PAULA MONTALT (ESCOLAPIA, FUNDADORA)",5
SANTA POLA,1
SANTA RITA,6
SANTA ROSA,7
SANTA TERESA,2
SANTA URSULA,1
SANTANDER,8
SANTIAGO DE LES,5
SANTIAGO LOPE,2
SANTIAGO RUSI√?OL,15
"SANTIAGO SUAREZ ""SANTI""",5
SANTIAGO SUAREZ (SANTI),1
SANTISIMA CRUZ,4
SANTISIMO,2
SANTISIMO CRISTO DE LA SALUD,9
SANTISSIM CRIST DE LA SALUT,1
SANTO CALIZ,3
SANTO DOMINGO DE GUZMAN,3
SANTO DOMINGO SAVIO,21
SANTO TOMAS,2
SANTOS DE LA PIEDRA,1
SANTOS JUSTO Y PASTOR,117
SARRION,2
"SAUCE, EL",3
SECANET,2
SEGARRIA,2
SEGART,1
SEGOVIA,4
SEN. ORRIOLS,3
SEN. POLVORIN,3
SEN. SECANET,5
SENDA GOLA PERELLONET,2
SENDA RAMIREZ,1
SENECA,1
SENENT IBA√?EZ,13
SEQUIA DEL REI,1
SERGORBE,3
SERPIS,31
"SERRANIA, LA",6
SERRANO FLORES,8
SERRANO MORALES,1
SERRANOS,6
SERRATELLA,1
"SERRELLA, LA",2
SERRERIA,39
SEVERIANO GOIG,6
SEVILLA,11
"SE√?ERA, LA",1
"SE√êERA, LA",6
SIERRA DE,1
SIERRA DE AGULLENT,5
SIERRA MAR,1
SIERRA MARTES,9
SIETE AGUAS,1
SILLA,4
SIMON ORTIZ,1
SINDICO,4
SINDICO MOCHOLI,2
SIRENA,2
SOGUEROS,2
SOLEDAD,2
SOLEDAD DOMENECH,1
SOLLANA,11
SOMBRERERIA,2
SORNELLS,5
SORNI,12
SOROLLERS,1
SOTAVENT,3
SOTAVENTO,1
"SO√?ADOR, EL",1
STELLA MARIS,1
SUBIDA DEL TOLEDANO,2
SUBMARINO,1
SUECA,26
SUECIA,9
SUMACARCEL,3
SURERES,1
TALLAFOC DE LA RAMBLA,1
TAMARINDOS,6
TAMARIT OLMOS,1
TAPINERIA,7
TAQUIGRAFO MARTI,4
TAULADELLA,1
TENDETA,1
TENOR GARCIA ROMERO,4
TERRATEIG,6
TERUEL,8
TETUAN,14
TIENDA,1
TIRANT LO BLANCH,6
TIRIG,1
TIRSO DE MOLINA,8
TOMAS DE VILLARROYA,14
TOMAS SALVO,1
TOMASOS,1
TONELEROS,4
TORPEDERO,4
TORRENTE,17
TORRES,6
TORRES TORRES,5
TORRETA DE MIRAMAR,13
TORREVIEJA,3
TOSSAL,2
TOTANA,8
TRABAJADORES,10
TRAFALGAR,12
TRAGINERS,10
TRAINERA,1
TRAMONTANA,3
TRAMOYERES,5
TRANSITS,3
TREMOLAR,6
TRENCA PEROLS,1
TRES CRUCES,42
TRES DE ABRIL DE 1979,2
TRES FORQUES,92
TRINITARIOS,3
TRINQUETE DE CABALLEROS,5
TROYA,5
TUNDIDORES,1
TURIA,12
UNIVERSIDAD,5
URBANIZACION,2
URUGUAY,25
UTIEL,3
VALDELINARES,3
VALENCIA CLUB DE FUTBOL,2
VALENCIANS,3
VALL D'UXO,6
VALL DEL CRIST,2
VALLADAR,2
VALLADOLID,22
VALLE DE AYORA,1
"VALLE DE AYORA, EL",13
VALLE DE LA BALLESTERA,40
VALLE DE LAGUAR,3
VANNES,3
VEINTICINCO DE ABRIL,2
VELAZQUEZ,10
VELL DE XIRIVELLA,1
VELLUTERS,8
VENEZUELA,16
VENTA DEL MORO,4
VENTURA FELIU,3
VERA,15
VERGE DE LA MAR,2
VERGER,4
VICARIO JOSE RAMON,7
VICENT VIDAL (CRONISTA),5
VICENTE A√?ON MARCO,1
VICENTE BALDOVI,1
VICENTE BALLESTER,1
VICENTE BARRERA CAMBRA,4
VICENTE BELTRAN GRIMAL (ESCULTOR),14
VICENTE BLASCO GARCIA,1
VICENTE BRULL,9
VICENTE CLAVEL,2
VICENTE CLAVELL,4
VICENTE FERRER,2
VICENTE IBORRA,15
VICENTE LA RODA,8
VICENTE LLEO,3
VICENTE MAROTO,2
VICENTE PARRA,1
VICENTE PERIS,2
VICENTE PUCHOL,2
VICENTE RAGA (BALLARI I COMPOSITOR),1
VICENTE RIOS ENRIQUE (MESTRE ARTESA FONEDOR,6
VICENTE SANCHO TELLO,5
VICENTE XIMENO,2
VICTOR MOYA,3
VIDAL,3
VIDAL DE CANELLES,7
VIEJO ALBORAYA,1
VIEJO DE ALBORAYA,1
VIEJO DE CHIRIVELLA,4
VIEJO DE PATERNA,1
VIEJO PICASSENT,3
VILA DE L'ALCORA,1
VILA DE L?ALCORA,1
VILANOVA Y PIERA,3
VILARAGUT,4
VILLA DE ALCORA,1
VILLA DE MURO,4
VILLAHERMOSA,7
VILLANUEVA DE CASTELLON,4
VILLARREAL,1
VINALESA,1
VINALOPO,4
VINAROZ,5
VINATEA,1
VIRGEN,6
VIRGEN DE LA CABEZA,21
VIRGEN DE LA FUENSANTA,3
VIRGEN DE LA MISERICORDIA,3
VIRGEN DE LEPANTO,5
VIRGEN DE LOS REYES,1
VIRGEN DEL CASTILLO,3
VIRGEN DEL MAR,2
VIRGEN DEL PUIG,4
VIRGEN DEL SUFRAGIO,5
VIRIATO,3
VIRUES,7
VISITACION,6
VITORIA,1
VIVER,4
VIVES LIERN,7
VIVONS,2
VUELTA DEL RUISE√?OR,2
XATIVA,7
XIPRERS,10
XUQUER,12
YATOVA,2
YA√êEZ DE LA ALMEDINA,1
YECLA,26
ZAMORA,1
ZAPADORES,11
ZAPATERIA DE LOS NI√?OS,2
ZAPATEROS,2
ZORRILLA,3
ZUMALACARREGUI,1
ZURDO,2
ZURRADORES,2
,14417
